{
      "public_fold": {
            "TFIDF + LGB": {
                  "INSULT": {
                        "precision": 0.5897662108513454,
                        "recall": 0.5587129126619307,
                        "f1-score": 0.5738197424892705,
                        "support": 2393
                  },
                  "OTHER": {
                        "precision": 0.5508959207014869,
                        "recall": 0.8191609977324263,
                        "f1-score": 0.6587645315705493,
                        "support": 3528
                  },
                  "PROFANITY": {
                        "precision": 0.8759305210918115,
                        "recall": 0.5942760942760943,
                        "f1-score": 0.7081243731193582,
                        "support": 2376
                  },
                  "RACIST": {
                        "precision": 0.7543859649122807,
                        "recall": 0.5076242006886375,
                        "f1-score": 0.6068803293149074,
                        "support": 2033
                  },
                  "SEXIST": {
                        "precision": 0.8394160583941606,
                        "recall": 0.7736665064872658,
                        "f1-score": 0.8052013003250812,
                        "support": 2081
                  },
                  "accuracy": 0.6672306824591089,
                  "macro avg": {
                        "precision": 0.722078935190217,
                        "recall": 0.650688142369271,
                        "f1-score": 0.6705580553638334,
                        "support": 12411
                  },
                  "weighted avg": {
                        "precision": 0.7023264646765913,
                        "recall": 0.6672306824591089,
                        "f1-score": 0.6678903422095736,
                        "support": 12411
                  }
            },
            "sentence-transformers/paraphrase-multilingual-mpnet-base-v2 Embeddings + LGB": {
                  "INSULT": {
                        "precision": 0.6875,
                        "recall": 0.7170915169243627,
                        "f1-score": 0.7019840458171405,
                        "support": 2393
                  },
                  "OTHER": {
                        "precision": 0.842572658772874,
                        "recall": 0.8874716553287982,
                        "f1-score": 0.8644395361678631,
                        "support": 3528
                  },
                  "PROFANITY": {
                        "precision": 0.7316253674926502,
                        "recall": 0.7331649831649831,
                        "f1-score": 0.732394366197183,
                        "support": 2376
                  },
                  "RACIST": {
                        "precision": 0.8113522537562604,
                        "recall": 0.7171667486473192,
                        "f1-score": 0.7613577023498694,
                        "support": 2033
                  },
                  "SEXIST": {
                        "precision": 0.8906481939633845,
                        "recall": 0.8649687650168189,
                        "f1-score": 0.8776206728425159,
                        "support": 2081
                  },
                  "accuracy": 0.7934090725968899,
                  "macro avg": {
                        "precision": 0.7927396947970339,
                        "recall": 0.7839727338164565,
                        "f1-score": 0.7875592646749143,
                        "support": 12411
                  },
                  "weighted avg": {
                        "precision": 0.794379480850658,
                        "recall": 0.7934090725968899,
                        "f1-score": 0.7931615783085734,
                        "support": 12411
                  }
            }
      }
}